Feature,Importance
VH,313.3069134134086
VV,301.04922086042933
b1,276.51745201543116
