Feature,Importance
VH,223.52876875971415
VV,220.68661828475422
b1,202.0575407582762
