Feature,Importance
VV,410.15086514212635
VH,392.08011959548764
b1,390.60407241235566
