Feature,Importance
VV,1048.6995756588826
b1,1025.9710559004134
VH,1010.209566507374
