Feature,Importance
VH,1190.0249412242463
VV,1162.4021460931017
b1,1136.216790845964
