Feature,Importance
VH,245.73527739798948
VV,244.51464103210083
b1,231.0450216576538
