Feature,Importance
VH,829.5282136928281
VV,794.0599001149236
b1,773.3125674678745
