Feature,Importance
VV,503.9463549310786
b1,498.118389676737
VH,494.1288994374174
