Feature,Importance
VH,702.8954453940432
VV,697.1280915120985
b1,655.5129536902596
