Feature,Importance
VV,419.4375565232793
VH,418.5778548352032
b1,408.0538766665442
